{
  "12YA-2": [
    13.812756424768668,
    32.55305194614407
  ],
  "2-6TGQ": [
    5.332489335924921,
    11.276223708605782
  ],
  "2D-0SO": [
    18.521356881855368,
    6.439590990489028
  ],
  "3V8-LJ": [
    -2.4764165224408443,
    4.930098560511916
  ],
  "4-ABS8": [
    3.7937395839688683,
    1.0833003691292835
  ],
  "5-9WNU": [
    17.211778265822314,
    28.11682045993901
  ],
  "5ZXX-K": [
    8.74471527162844,
    8.96252935846877
  ],
  "6GWE-A": [
    -27.113545479311828,
    -6.110269095362139
  ],
  "7D-0SQ": [
    -32.56019569806649,
    -39.46479208190965
  ],
  "7RM-N0": [
    -3.6166434784692,
    -13.795919758496183
  ],
  "7X-VKB": [
    -8.5306926998393,
    -26.954057867354383
  ],
  "8S-0E1": [
    13.33224561344333,
    11.57866686665574
  ],
  "93PI-4": [
    -15.591282265049129,
    21.21682939827921
  ],
  "A8I-C5": [
    12.166623185281153,
    50.754828719914514
  ],
  "B-9C24": [
    -8.394490839317069,
    -22.87778547852863
  ],
  "B8EN-S": [
    -4.952058757749828,
    -0.1874075072982199
  ],
  "BDV3-T": [
    9.073955180459864,
    35.830695278784496
  ],
  "C-H9X7": [
    11.301955109208036,
    45.906256091993406
  ],
  "CL6-ZG": [
    -10.098640157272515,
    -7.526876945430351
  ],
  "CR-AQH": [
    -4.762646775570469,
    28.313630527228703
  ],
  "CXN1-Z": [
    -6.2966358126744995,
    -5.1666104508924455
  ],
  "D2-HOS": [
    13.589451309623014,
    -39.87893718369882
  ],
  "D7T-C0": [
    18.221467934565386,
    12.063090856956016
  ],
  "DK-FXK": [
    14.256207605777453,
    55.13960886558299
  ],
  "DP-1YE": [
    2.4075179184612687,
    7.107194985041666
  ],
  "DT-TCD": [
    22.382732919757412,
    -43.79445892784729
  ],
  "E-Z2ZX": [
    -12.206221254195539,
    -31.502218268250026
  ],
  "EC-P8R": [
    -12.90767319148256,
    16.52772158935154
  ],
  "EL8-4Q": [
    20.109618468241486,
    23.069257048656702
  ],
  "EWOK-K": [
    -9.30749050377121,
    13.92138392969294
  ],
  "F-NMX6": [
    -3.998374879247961,
    -19.58433533911963
  ],
  "FWA-4V": [
    4.612047654028145,
    -26.841331887363747
  ],
  "G-M4I8": [
    -10.142276817713912,
    19.544974806095464
  ],
  "G95-VZ": [
    1.1608748873439259,
    -7.581825627711809
  ],
  "GA-P6C": [
    -7.612794864355246,
    -14.737129384771762
  ],
  "H1-J33": [
    -23.533155403543084,
    -36.795112012026124
  ],
  "HPS5-C": [
    12.691203868613677,
    -45.0453869373921
  ],
  "ION-FG": [
    10.223116483024404,
    41.02148968024818
  ],
  "J-CIJV": [
    3.6719455313274314,
    -3.0236732285502637
  ],
  "J-OK0C": [
    -32.039576672042436,
    -5.3994967973838595
  ],
  "JC-YX8": [
    25.61684068035036,
    23.49441735644971
  ],
  "JE-D5U": [
    5.333848517268897,
    4.191141950126587
  ],
  "KDV-DE": [
    -25.168079531919613,
    -8.73748453765971
  ],
  "KI-TL0": [
    20.211384525850534,
    17.29003259669838
  ],
  "KLY-C0": [
    -4.182308379740468,
    -8.058703035723253
  ],
  "KQK1-2": [
    15.561353011522645,
    -2.2006994319282387
  ],
  "KU5R-W": [
    -19.845267240718396,
    -33.58143582971367
  ],
  "L-TS8S": [
    -5.295244983917213,
    2.993822915984336
  ],
  "M-76XI": [
    18.04902998190456,
    58.132163064878476
  ],
  "M-YCD4": [
    -6.302624353662768,
    29.939110437264283
  ],
  "MI6O-6": [
    -13.288912367925427,
    8.151418139580258
  ],
  "MQ-NPY": [
    11.572353803154316,
    -34.98479163167377
  ],
  "MT9Q-S": [
    -25.008865945824635,
    -3.8329412190200323
  ],
  "N-H32Y": [
    23.89272905813386,
    26.081875981854985
  ],
  "O-A6YN": [
    -17.260384676985275,
    -26.44768829091257
  ],
  "O-BY0Y": [
    19.948111505990212,
    1.800164036899967
  ],
  "O-N8XZ": [
    -8.308307881283058,
    8.25392895435245
  ],
  "OE-9UF": [
    9.433281668340413,
    0.6317016770019087
  ],
  "OGV-AS": [
    -27.880425372054088,
    -45.029087680654854
  ],
  "P-2TTL": [
    -12.512025319384534,
    -26.51582749388758
  ],
  "PFU-LH": [
    9.78514915798525,
    3.7280728040070747
  ],
  "Q-5211": [
    -9.93358986597299,
    28.7964451744229
  ],
  "R-2R0G": [
    -8.126874320067614,
    24.65542425050842
  ],
  "R-LW2I": [
    0.8964259114493867,
    4.613301156740711
  ],
  "R6XN-9": [
    -0.4951952625257096,
    1.569936920492893
  ],
  "RD-G2R": [
    -15.7931063712684,
    -7.033666457503042
  ],
  "ROIR-Y": [
    5.041391136616421,
    -10.634193629814371
  ],
  "RORZ-H": [
    -16.095830405862056,
    -30.21576110580874
  ],
  "RQH-MY": [
    9.72443041499875,
    -39.413983021956184
  ],
  "RZC-16": [
    8.166373794557254,
    -30.84522307403929
  ],
  "S-MDYI": [
    0.4519998505914398,
    -17.518598941123216
  ],
  "TFA0-U": [
    16.923502873237595,
    -35.70615805528037
  ],
  "U-INPD": [
    9.767721169788494,
    54.8616502484013
  ],
  "UC3H-Y": [
    -21.31478951831827,
    -6.49031802066774
  ],
  "UI-8ZE": [
    -30.077661366761802,
    -49.263796491964825
  ],
  "UR-E6D": [
    14.501670263694832,
    2.3100389172787392
  ],
  "WW-KGD": [
    3.3812104699930092,
    34.80307159718602
  ],
  "X-7OMU": [
    -2.2271153306743074,
    -2.619963794976586
  ],
  "X47L-Q": [
    10.143443734822297,
    -1.9904922884289018
  ],
  "XI-VUF": [
    25.55685555080469,
    16.429225191824507
  ],
  "XQ-PXU": [
    -1.7125680653234805,
    32.569810772071065
  ],
  "Y-C3EQ": [
    -27.39936653942858,
    -39.9842492575769
  ],
  "Y2-6EA": [
    18.668887595902678,
    -40.50582831124156
  ],
  "ZJET-E": [
    14.313297669249616,
    60.00000000000001
  ],
  "ZKYV-W": [
    0.8102633923997133,
    -22.7754818008516
  ]
}